,KNN,SVM_rbf,SVM_linear,SVM_poly,Random Forest,Gradient Boosting,Navie Bayes,Decision Tree,XGBoost,CNN,LSTM
Accuracy,0.9816655771128178,0.9788404337073683,0.9728424924400599,0.9787390167153998,0.9822378282942633,0.9829695272955113,0.9359782742004891,0.9762108828949151,0.9811367467282457,0.9886562839550888,0.98583846432452
F1,0.9685312315270463,0.9636264500424397,0.953276029127134,0.9634120610510806,0.9692539462948794,0.9710759769425662,0.8806576719038229,0.9586166002459825,0.9673218871628924,0.9809332281934436,0.9761906778304681
Recall,0.9557154231005962,0.9506575799581739,0.9407363097632923,0.9488183589460683,0.951286654145796,0.9612325883473914,0.8416653548448684,0.9363068292622936,0.9485761374929798,0.9830181773819691,0.9778699524216178
Precision,0.9825641488409346,0.978077904371706,0.9679012855465124,0.979524925768132,0.988978264043278,0.9815055852144783,0.948380002175105,0.9833874848094044,0.9879470775292459,0.9788688525202461,0.9745393980561678
ROC_AUC,0.9860423822223684,0.9948952478223368,0.9922380170414508,0.9861952308949073,0.9982702220661668,0.9981719430691127,0.991270051860138,0.9649029431233231,0.9983852448925139,0.9987730006218063,0.9979482029605018
,KNN,SVM_rbf,SVM_linear,SVM_poly,Random Forest,Gradient Boosting,Navie Bayes,Decision Tree,XGBoost,CNN,LSTM
Accuracy,0.9985015174861355,0.9984326291723378,0.998070921023405,0.9983981835320558,0.9987426636690063,0.998535967576567,0.9908195982683935,0.9983809525533072,0.9985531911383996,0.9995694109541853,0.99454013089907
F1,0.9984850582986937,0.9984168493699045,0.9980502781529268,0.9983817937522333,0.9987283999022374,0.9985201769518408,0.9907760980807947,0.9983640890220575,0.9985373960090591,0.9995644523225413,0.9944747457957692
Recall,0.9971214213466275,0.9977110728623831,0.9969133589325946,0.9976070266189133,0.9975723405280357,0.9972948457864339,0.9936181562409011,0.9971907935283826,0.9973295378918928,0.9999651385741677,0.9945267561443263
Precision,0.9998607823287197,0.9991319807730814,0.9992006194325548,0.999166557705523,0.9998959055646706,0.999756377908688,0.9879625537198435,0.9995490020338348,0.9997569621241575,0.9991641997624271,0.9944235302964518
ROC_AUC,0.9988029493773523,0.9997718882266307,0.9999024861420942,0.9999538622586238,0.9992679328797832,0.9992192022970066,0.995191420249955,0.9983730020052999,0.999782316410218,0.9999990209131469,0.999474076079499
